"replicate","p_value","mean_diff","CI_lower","CI_upper","median_diff","CI_median_lower","CI_median_upper","log_ratio","CI_log_lower","CI_log_upper"
15,0.409,-0.214227887911597,-0.551519546962282,0.17727520506533,-0.223475491516839,-0.551519546962282,0.17727520506533,-2.03240426637583,-7.26699669035785,0.906754739693129
45,0.9275,0.315695508644579,-0.324409031754286,1.5433023399847,0.216873174051672,-0.324409031754286,1.5433023399847,0.79872116043005,-1.40321616869194,3.3909633041598
44,0.7145,-0.06998138699451,-0.499547391989796,0.640604036885208,-0.112627698712523,-0.499547391989796,0.640604036885208,-1.03095520805398,-6.21052234505036,2.03184246630274
46,0.0315,0.848212778901727,0.0909337520637042,2.73579151786237,0.65811091292026,0.0909337520637042,2.73579151786237,2.28007947037091,0.331991024555706,6.24190998070155
4,0.965,0.424410846076728,-0.38066635495494,2.27532602731051,0.237241674494548,-0.38066635495494,2.27532602731051,0.599241460722702,-1.54232318632268,2.58821105102293
5,0.9175,0.311503093172065,-0.305947485625485,1.54354689756713,0.216089614095687,-0.305947485625485,1.54354689756713,0.929750041359426,-1.47877643143238,4.38282459498705
65,0.473,0.151259909240479,-0.395691546415138,1.17456612936836,0.0753856707694232,-0.395691546415138,1.17456612936836,0.443481350684316,-1.90716903975655,3.73749799738579
63,0.387,0.116007030056439,-0.333937327888211,0.970271728732773,0.0558261435592217,-0.333937327888211,0.970271728732773,0.306195781623264,-1.62991509619025,2.72016719947391
204,0.194,0.116324881905445,-0.427198746094063,1.1238235804081,0.032684188922814,-0.427198746094063,1.1238235804081,0.12218289593771,-1.75356838321486,2.03427476214238
64,0.598,0.226899445483427,-0.428242049939477,1.59461333652443,0.117264650694428,-0.428242049939477,1.59461333652443,0.304759776588279,-1.6826829644121,2.17362301421604
62,0.6315,0.421781812492057,-0.192991301747584,1.89923661141024,0.282292512646902,-0.192991301747584,1.89923661141024,0.682560599413033,-0.580481400148667,2.12543139103666
205,0.028,0.926335198048536,0.108922857818854,2.95815318424981,0.720797304139074,0.108922857818854,2.95815318424981,2.74384940493126,0.42694271418351,7.73383292950765
109,0.361,-0.017839062509987,-0.642681786568213,0.967335446884688,-0.0781068279109606,-0.642681786568213,0.967335446884688,-0.475276460790746,-4.24788345694259,1.67978639783985
158,0.4795,-0.037360345999617,-0.393791755511038,0.443035471599283,-0.0552556264205721,-0.393791755511038,0.443035471599283,-0.656071127603891,-6.20838411235094,4.37870519572262
108,0.065,1.10596618970454,0.0615227002472838,3.6344866997772,0.864782346284828,0.0615227002472838,3.6344866997772,1.61988085938873,0.142828321134287,3.5468458206324
110,0.309,0.666885349537995,-0.149429337507117,2.48368451860057,0.497548500065882,-0.149429337507117,2.48368451860057,1.33107941521802,-0.468710106443351,3.6928565528813
156,0.336,0.0247975465225905,-0.600320068715945,1.30770494091143,-0.076662724932331,-0.600320068715945,1.30770494091143,-0.209861791192874,-1.98966601064808,1.46068635700659
157,0.581,0.566087744192823,-0.259240769827637,2.52833572010222,0.401223366549638,-0.259240769827637,2.52833572010222,0.888059253728328,-0.742091537161089,2.63063022503908
129,0.1525,0.0208280515002228,-0.443540806864233,0.805819119389872,-0.0232683231454632,-0.443540806864233,0.805819119389872,-0.277122845197853,-4.76044047528136,3.35272585337698
127,0.115,0.0311919635783416,-0.432049057339424,0.808830839307382,-0.0179844620328231,-0.432049057339424,0.808830839307382,-0.202479755689855,-4.04324815231646,2.79104525760298
3,0.489,0.23904058076314,-0.509291645032825,1.80616682339044,0.11706888996352,-0.509291645032825,1.80616682339044,0.233406729769953,-1.4592990227919,1.90310271032297
2,0.909,0.322149762752067,-0.341003487835307,1.80497589120001,0.195601077132071,-0.341003487835307,1.80497589120001,0.474548880582987,-1.09609259549963,2.14426664196255
1,0.7615,0.170854662575008,-0.259994244348256,1.04978826119919,0.100372647925345,-0.259994244348256,1.04978826119919,0.647847010263173,-1.21787071584868,3.73194102398472
300,0.86,0.278043985101845,-0.300189676623071,1.53970003542026,0.158952796196977,-0.300189676623071,1.53970003542026,0.471756810181818,-0.970045503528275,2.13192831299125
128,0.511,-0.21212697222923,-0.570809260151161,0.268155051568203,-0.233161429120158,-0.570809260151161,0.268155051568203,-1.92556126776943,-7.09858167556833,1.00258593400231
131,0.4585,0.141943477941021,-0.348001786935432,1.0819197866406,0.069470048574684,-0.348001786935432,1.0819197866406,0.297933352291617,-1.60178935338407,2.38827739802684
199,0.656,0.177605176432504,-0.333751003326285,1.16444201966783,0.104774300044453,-0.333751003326285,1.16444201966783,0.55661457052007,-1.87421666460558,3.72418476827795
299,0.8655,0.204769565162194,-0.293580652449152,1.13684369792161,0.133484355521842,-0.293580652449152,1.13684369792161,0.753003311666612,-1.48236126474039,4.09663479833269
135,0.222,0.543943841618353,-0.0966193738905965,1.93916115341004,0.410775018854174,-0.0966193738905965,1.93916115341004,2.2369676365234,-0.443571091051114,7.4045069798456
191,0.4425,-0.0242263609707115,-0.424725598281672,0.596584394671812,-0.0548176974621735,-0.424725598281672,0.596584394671812,-0.254793174186537,-2.65035750024672,2.37442075254233
189,0.9485,-0.153859176891018,-0.719823198906692,0.745909987179588,-0.20762771212852,-0.719823198906692,0.745909987179588,-1.08870154929682,-5.69149663023962,1.37900443112692
190,0.4315,0.128871238228129,-0.411700427930386,1.0965351836847,0.0702322229288006,-0.411700427930386,1.0965351836847,0.372116104201086,-3.61520939822948,4.3609203397696
132,0.454,0.614864007417573,-0.209994004420735,2.55117970940058,0.435020960107901,-0.209994004420735,2.55117970940058,1.00461414482441,-0.619498966832234,2.84605433757063
188,0.3085,-0.215230314596323,-0.551784057178951,0.0992915872052261,-0.21143368160644,-0.551784057178951,0.0992915872052261,-2.41892817091193,-8.01741134210423,0.813767579416174
130,0.702,0.408506888072951,-0.287870369163278,1.83265741153257,0.290288506078128,-0.287870369163278,1.83265741153257,1.15636016682609,-1.32927330909087,4.91134710236523
134,0.1375,0.729043193218941,-0.0284258760605739,2.50663721181779,0.564536159950374,-0.0284258760605739,2.50663721181779,1.89131665117166,-0.0965865652270649,5.60041485414414
177,0.1095,0.0539717155406665,-0.459385176743928,1.02244464311359,-0.0180555908147564,-0.459385176743928,1.02244464311359,-0.0277368535538884,-1.60488586621309,1.6400936043511
321,0.642,-0.053077451147207,-0.548882178852489,0.822808750134072,-0.109507129478595,-0.548882178852489,0.822808750134072,-0.516366042005265,-3.25530211315288,1.57363265153904
230,0.999,0.240274274163742,-0.325820351257891,1.25294037486051,0.168389647664061,-0.325820351257891,1.25294037486051,1.03652939092505,-2.25137025463159,5.64194547202532
180,0.11,0.0791327829977285,-0.479864951077412,1.04535685227223,0.0184067185844186,-0.479864951077412,1.04535685227223,0.0489418450328726,-2.80676845757593,2.70217307724195
179,0.168,0.0461074850730078,-0.51885417763686,1.09210003528177,-0.0337173075601382,-0.51885417763686,1.09210003528177,-0.155243262581505,-2.27547807988243,1.67544590009045
323,0.365,0.000226353181503672,-0.674033800051962,1.25554362921308,-0.0817917669044592,-0.674033800051962,1.25554362921308,-0.502620789206686,-4.60136986336475,1.61301453312308
181,0.079,-0.364199406204305,-0.71379425570888,-0.0338983445071444,-0.360712986644702,-0.71379425570888,-0.0338983445071444,-3.41031846079657,-9.16217808430139,-0.12055028803682
200,0.0655,0.866423419061548,0.0444507478071294,2.81967071553907,0.671814551802586,0.0444507478071294,2.81967071553907,2.50181657801052,0.172616148611332,7.15118456776387
229,0.123,0.0664401140029973,-0.444631951603392,1.10672946098163,-0.0198793902132094,-0.444631951603392,1.10672946098163,-0.0493643471154237,-1.59680252652668,1.57368654345871
309,0.6515,-0.0574336955092801,-0.445513863765615,0.531180406770282,-0.0894290065467617,-0.445513863765615,0.531180406770282,-0.884567394713825,-5.95219343063559,2.48147883868922
133,0.6095,0.503526334932331,-0.254300821506368,2.26634711302983,0.337554713172699,-0.254300821506368,2.26634711302983,0.763022131946923,-0.712017777951128,2.35409988973245
136,0.4895,0.576024304864168,-0.20819231594288,2.35246133713486,0.405618896210456,-0.20819231594288,2.35246133713486,1.02357521025037,-0.663115443050611,3.00217108440774
324,0.99,-0.116496085982007,-0.541985047634387,0.531084174930182,-0.14526465132914,-0.541985047634387,0.531084174930182,-0.631798703562725,-2.62790875809819,1.19663563268374
202,0.251,0.407300005128147,-0.0816394421198169,1.4762106648587,0.307606579873324,-0.0816394421198169,1.4762106648587,1.9622698759351,-0.391944643244142,6.70028080237679
201,0.8585,-0.0883339538111052,-0.513110700121145,0.560458840285462,-0.122112481142581,-0.513110700121145,0.560458840285462,-0.52883002944863,-2.51641716270245,1.49126776724454
203,0.732,0.143366588019891,-0.269754931858794,0.897105151603798,0.0908047826767773,-0.269754931858794,0.897105151603798,0.650305940259483,-1.34782413065992,4.11392227022187
162,0.631,-0.159286078697256,-0.518247057326563,0.359789840338903,-0.18641641731508,-0.518247057326563,0.359789840338903,-2.0228693404632,-7.8964952141357,1.71282760372385
159,0.8235,0.326762105062517,-0.224696434165608,1.54317070911954,0.21511421839873,-0.224696434165608,1.54317070911954,0.627879280739234,-0.762311114696602,2.23669403167092
318,0.6155,-0.206189615305679,-0.62135112862963,0.385838836046295,-0.231450640718389,-0.62135112862963,0.385838836046295,-1.48745382166563,-5.97379243041395,0.995253968795382
317,0.2175,0.48013406766802,-0.068680345675574,1.76986763686745,0.359092654952462,-0.068680345675574,1.76986763686745,1.54499570492302,-0.283338659529971,4.76738555449467
320,0.67,0.241959117823349,-0.466359475184405,1.53693868617916,0.146918327490749,-0.466359475184405,1.53693868617916,0.466381456861596,-2.20862230624045,3.16541604505398
319,0.374,0.522076382094538,-0.146107114339582,2.00737121127864,0.390696983356151,-0.146107114339582,2.00737121127864,1.21831820715363,-0.525741415572163,3.523191534123
137,0.323,0.00295380701603103,-0.50710308367686,0.884951168125056,-0.0500670522683621,-0.50710308367686,0.884951168125056,-0.250708056947947,-2.85664345784172,2.01957625773128
325,0.3405,0.0178266728232028,-0.747481880912068,1.50333197771181,-0.0879620600212025,-0.747481880912068,1.50333197771181,-0.348153797878292,-3.20759807566078,1.52704033208975
328,0.1435,0.102270716992651,-0.438888576487324,1.10333688594858,0.0274587455823276,-0.438888576487324,1.10333688594858,0.112264579887198,-2.11480573358494,2.31116190616347
329,0.2625,-0.290557326973982,-0.675183598762744,0.12894874895163,-0.296487072609557,-0.675183598762744,0.12894874895163,-1.94509899259768,-6.38942759918198,0.45737037026064
326,0.22,0.574794396051214,-0.0763121895735288,2.08775234828337,0.426944794453028,-0.0763121895735288,2.08775234828337,1.8634598840872,-0.309337837749118,6.14446164236377
18,0.622,0.308033358496445,-0.467313691323345,2.01066270304002,0.156916517020495,-0.467313691323345,2.01066270304002,0.299742729778341,-1.30716725271033,1.85175671254813
322,0.2635,0.678566047819978,-0.114397829548534,2.57027708127728,0.501811697396199,-0.114397829548534,2.57027708127728,1.46275199666063,-0.368952651545261,4.16220455852188
176,0.404,0.454932346208997,-0.145714298182259,1.82833108150717,0.333779675098,-0.145714298182259,1.82833108150717,1.2135662991991,-0.524065844833425,3.93125008475185
327,0.6045,0.363150850067017,-0.214443539160531,1.60213480472353,0.256395809876057,-0.214443539160531,1.60213480472353,1.25262817019909,-0.986611524282365,4.89585260929209
178,0.0465,0.738768419555511,0.0466504964029751,2.48596654669189,0.556274793142655,0.0466504964029751,2.48596654669189,1.42322471257725,0.146532225878935,3.05697004291608
138,0.2485,-0.3567010525972,-0.780423674979235,0.169920097821143,-0.370445100016842,-0.780423674979235,0.169920097821143,-1.94035465588983,-6.29479918114077,0.396767687393001
19,0.852,0.276945180403777,-0.261273401730153,1.32383152807686,0.185848302715673,-0.261273401730153,1.32383152807686,1.04519075135532,-1.2257471735397,5.09408715223856
174,0.576,0.342490133352864,-0.224972767030121,1.42395665763942,0.253232138494185,-0.224972767030121,1.42395665763942,1.58522388457263,-1.25331463331459,6.38065248539002
342,0.686,-0.216761404279652,-0.690446116913698,0.49948464353082,-0.255690935885501,-0.690446116913698,0.49948464353082,-1.42845262168932,-6.23309299786118,1.06406219194795
308,0.0409999999999999,0.0383797930563124,-0.405278164051092,0.797670143554039,-0.00576555996999016,-0.405278164051092,0.797670143554039,0.0366712438327039,-1.81858656858988,2.32215406398755
302,0.9715,0.270480449750956,-0.306971597371306,1.41125260222257,0.174339943632783,-0.306971597371306,1.41125260222257,0.675357005834237,-1.22482741774443,3.04562233727354
173,0.7545,-0.189753112509536,-0.671780146801302,0.587501115114594,-0.231303832878174,-0.671780146801302,0.587501115114594,-0.75988721732172,-2.57585710335056,0.92434806651524
163,0.137,0.5092456399009,-0.0226902748039152,1.77492038086482,0.382296973394165,-0.0226902748039152,1.77492038086482,2.28651663850433,-0.117934755354172,7.41109545877391
164,0.403,-0.00144047262315418,-0.605832477152528,1.12998486855095,-0.085611692889529,-0.605832477152528,1.12998486855095,-0.348556572119459,-2.70888296310005,1.59422694352387
301,0.606,0.527130433460366,-0.259644380749867,2.39789743978968,0.357181133117729,-0.259644380749867,2.39789743978968,0.85645373135904,-0.769889952805814,2.69877639480622
121,0.391,0.106147985113071,-0.326204645243682,0.903150409738781,0.0498725492757097,-0.326204645243682,0.903150409738781,0.332867104659319,-1.43948445802703,2.78228957190183
175,0.2815,0.562343646133973,-0.128148240603957,2.02958962773151,0.425269002137865,-0.128148240603957,2.02958962773151,1.82761832302878,-0.50389307301414,6.143112692159
247,0.9255,0.321812658591917,-0.290211627582987,1.58798072214229,0.209008143232484,-0.290211627582987,1.58798072214229,0.719881106574097,-1.13718868063997,2.94954059790315
170,0.3985,-0.0200623135869361,-0.449263529744856,0.612523762297021,-0.0495880846497956,-0.449263529744856,0.612523762297021,-0.165587091056311,-2.0125524299018,2.10563930398386
161,0.266,0.0356383722710985,-0.532993076638734,1.09367140540663,-0.0506678604339987,-0.532993076638734,1.09367140540663,-0.207935916756095,-2.53708001610882,1.76824154447921
17,0.9385,0.385713171649571,-0.323561953394612,1.94950069703187,0.244953323183908,-0.323561953394612,1.94950069703187,0.55796889971502,-0.951314717245929,2.10821809011829
160,0.945,-0.154456861402189,-0.820440239827593,0.902751540379378,-0.224723313867376,-0.820440239827593,0.902751540379378,-0.550877492323139,-2.3745874968828,1.05413532639659
16,0.00249999999999995,0.168831749249428,-0.651019542933067,2.08388346204011,0.000582604504062306,-0.651019542933067,2.08388346204011,-0.00217348408091339,-1.52076529269435,1.54054268194876
139,0.927,0.440877678407608,-0.373260303814291,2.24353970237849,0.283893810125827,-0.373260303814291,2.24353970237849,0.599449147383113,-1.20389344900541,2.34183548784351
172,0.038,0.0726755592259701,-0.401103150995067,0.951195714646232,0.00595783073862778,-0.401103150995067,0.951195714646232,0.0628677749618687,-1.84765010161798,2.27497920018252
183,0.367,-0.228134049113857,-0.575698551978983,0.155651378545465,-0.233205579133587,-0.575698551978983,0.155651378545465,-1.88489866932913,-6.58830124610873,0.826043606122821
169,0.401,0.554179451908186,-0.168375399748386,2.15669122049123,0.405185231010589,-0.168375399748386,2.15669122049123,1.19832426694309,-0.537471148937812,3.47543741328195
140,0.658,-0.0626950601003033,-0.705276324854966,1.11471632518223,-0.14911242686856,-0.705276324854966,1.11471632518223,-0.372656837738658,-2.19421279683936,1.31143130109888
171,0.282,0.0137723438677812,-0.642264401494821,1.15743196290473,-0.0640824952883604,-0.642264401494821,1.15743196290473,-0.411029553842763,-4.03507887688358,1.72702854944852
123,0.493,-0.0264274903675377,-0.498419563498617,0.778216224109769,-0.0800016833073179,-0.498419563498617,0.778216224109769,-0.431721105155803,-3.57097382068633,2.08265081305359
208,0.963,0.428983344301845,-0.391968591216325,2.19377928117246,0.269774427042831,-0.391968591216325,2.19377928117246,0.576033023907967,-1.21114404919545,2.31142851940428
124,0.154,0.511454420469308,-0.0348576803953822,1.74496571771057,0.384852579580341,-0.0348576803953822,1.74496571771057,2.05805490017782,-0.151628022795143,6.66282541551576
227,0.975,-0.138390279379673,-0.630263320292094,0.566081892862751,-0.173845639207538,-0.630263320292094,0.566081892862751,-0.890880051448328,-4.20114682008587,1.32820606644042
122,0.586,-0.0366934522049946,-0.533523453639394,0.909475690909261,-0.099163428010738,-0.533523453639394,0.909475690909261,-0.385363984077556,-2.52675520174055,1.61062374733321
126,0.3415,0.654438814441701,-0.15906695179652,2.62190499384055,0.466875142727614,-0.15906695179652,2.62190499384055,1.17235730711572,-0.490561667686564,3.03878791412467
248,0.824,0.333071288570124,-0.255187339209712,1.62054694687373,0.215186298222405,-0.255187339209712,1.62054694687373,0.783549353420972,-0.994839122532755,2.99463103878621
207,0.8185,0.224664145807837,-0.361703195471207,1.29909819485837,0.147333274046367,-0.361703195471207,1.29909819485837,0.74077316502617,-2.86773554661705,4.95813541210542
182,0.225,0.151583072823056,-0.526797435132681,1.49804027584232,0.048183244595966,-0.526797435132681,1.49804027584232,0.117894929627908,-1.70382018120365,1.91016931322697
196,0.539,0.383646212296376,-0.195886635737936,1.56950136369069,0.279426707893862,-0.195886635737936,1.56950136369069,1.20045883696662,-0.767429936152375,4.53485880127895
125,0.8855,0.431001403099334,-0.473829092200247,2.37105361464117,0.249597792871478,-0.473829092200247,2.37105361464117,0.442510427965527,-1.30115695396766,2.04302826624588
187,0.4395,-0.0190320685149637,-0.518526016857352,0.850353955508842,-0.0743279890681795,-0.518526016857352,0.850353955508842,-0.441978904914312,-3.91435425795606,1.89856465848303
333,0.748,-0.0764930614265018,-0.508048633051504,0.624870259071242,-0.113266022161277,-0.508048633051504,0.624870259071242,-0.582117737479328,-3.31710158108979,1.79619042924465
186,0.6085,0.37103580517726,-0.207988744221157,1.59966577019593,0.261199997463998,-0.207988744221157,1.59966577019593,1.10360574397419,-0.862456753776635,3.95696217585055
250,0.1025,0.0902161590702476,-0.421937751525394,1.07844052775293,0.0161846668251569,-0.421937751525394,1.07844052775293,0.0869615145777237,-1.67117409508564,1.98266348752418
233,0.712,0.272166498795404,-0.254637874472112,1.23066479340035,0.197750985812268,-0.254637874472112,1.23066479340035,1.52839286526219,-1.93239075307548,6.50529630690895
206,0.7275,-0.168316620624237,-0.58191240633333,0.34478960985335,-0.18013016146854,-0.58191240633333,0.34478960985335,-1.24490601738731,-5.22378380209216,1.49728436662387
234,0.185,0.490067940930171,-0.0497259642175924,1.73129625963734,0.368580456784761,-0.0497259642175924,1.73129625963734,1.99194291777346,-0.22480410818384,6.55236154802258
210,0.8495,0.276223404664429,-0.328343171239735,1.56695626310741,0.160309545423019,-0.328343171239735,1.56695626310741,0.509750471446647,-1.19488127624526,2.42866149360889
330,0.212,0.0509292681141161,-0.568518970055608,1.2814141218946,-0.0420537387636215,-0.568518970055608,1.2814141218946,-0.214250339812456,-2.71477042844738,1.74036372828128
185,0.504,0.724277734439647,-0.291104020273217,3.01208129332895,0.506879755751315,-0.291104020273217,3.01208129332895,0.870754507371823,-0.702524553491929,2.44073117478122
184,0.204,0.121421401479732,-0.417914314415675,1.20205121305503,0.0347202907660044,-0.417914314415675,1.20205121305503,0.119506416861213,-1.68074899851033,1.92386096513395
249,0.2295,0.103701173646101,-0.40550750500808,1.01394257722559,0.0333082168278396,-0.40550750500808,1.01394257722559,0.181260347492692,-2.62467649452003,3.26884014609668
209,0.9025,0.417302276440086,-0.306351681533098,2.039996237865,0.263446262140719,-0.306351681533098,2.039996237865,0.575237381714129,-0.855816774489281,2.05420001936987
232,0.956,0.255174856195276,-0.274944821803773,1.40513806856951,0.164009733572407,-0.274944821803773,1.40513806856951,0.585990777779766,-1.06779853306197,2.54305077233081
343,0.0135,0.797744377900797,0.14398940648489,2.46905216657601,0.631189501080595,0.14398940648489,2.46905216657601,3.4236592778276,0.693471519420375,8.85316964512708
211,0.1765,0.663333873854316,-0.0613875134209476,2.30242876409616,0.504680484656129,-0.0613875134209476,2.30242876409616,1.88443102804371,-0.241210398930631,5.9804014355856
167,0.697,0.264114326796414,-0.410437709748193,1.6549393116093,0.147737235132573,-0.410437709748193,1.6549393116093,0.385205610468079,-1.41528427641077,2.1644460215379
345,0.2395,0.0366124583183617,-0.536015240700826,1.1291448933502,-0.0448243606160064,-0.536015240700826,1.1291448933502,-0.140039231465544,-1.98749474260017,1.584081564751
231,0.0129999999999999,0.118979528760952,-0.573389255021582,1.53836158985495,0.00289772092698393,-0.573389255021582,1.53836158985495,-0.065939700537529,-2.19833043701018,1.69449300528268
235,0.093,0.684934507482363,0.00720471363376436,2.33940655761935,0.525467172238826,0.00720471363376436,2.33940655761935,2.46029035957112,0.0336268673113823,7.42548803328559
344,0.5925,-0.200710257172058,-0.568981178905799,0.366085019542546,-0.230151149011396,-0.568981178905799,0.366085019542546,-1.9948513351129,-7.70992832654002,1.23216984897527
226,0.8315,-0.148242866004279,-0.562966890923193,0.498068039620243,-0.179904664469409,-0.562966890923193,0.498068039620243,-0.782700006021457,-2.87845756136228,1.02891697222905
246,0.7005,0.415065920684567,-0.268130550339959,1.8852071167003,0.282418586318319,-0.268130550339959,1.8852071167003,0.844626001236479,-0.992374662336414,3.02374080785183
14,0.266,0.324683417697305,-0.0714862829705534,1.26793338891342,0.241139259805287,-0.0714862829705534,1.26793338891342,2.34476506144813,-0.483671010057289,7.68660255439626
13,0.881,0.387356019067176,-0.453253927671855,2.11992349678417,0.229678561113216,-0.453253927671855,2.11992349678417,0.481569009487436,-1.48059285288104,2.24739883438936
168,0.1205,0.447386438153884,-0.0119187912740423,1.59810898630993,0.334945863143487,-0.0119187912740423,1.59810898630993,2.00857839783919,-0.0504688212862275,6.56626127529266
225,0.8355,0.283458841574823,-0.29438763199141,1.52898808040324,0.152072546003365,-0.29438763199141,1.52898808040324,0.454635280170925,-1.0179976954198,2.14551545040775
350,0.3215,0.00679021989435782,-0.430764966334642,0.7202620030244,-0.042089205592524,-0.430764966334642,0.7202620030244,-0.170415799054313,-2.18155520462823,2.06805158984563
224,0.858,0.349532523334063,-0.395284693773644,1.99763697729617,0.196054737267036,-0.395284693773644,1.99763697729617,0.429630480991147,-1.10466632021252,2.0318688318215
165,0.562,-0.0432840004517669,-0.318749264190437,0.253560125983039,-0.0396585721922942,-0.318749264190437,0.253560125983039,-0.72198937148737,-6.39348180271438,4.64308867374242
373,0.3835,0.19123361352581,-0.459106916040828,1.67159507716144,0.0727195185956589,-0.459106916040828,1.67159507716144,0.198376312155808,-2.52187583770306,2.50959920323534
349,0.4885,0.388183411445787,-0.15172159464594,1.59520469368843,0.273770414319557,-0.15172159464594,1.59520469368843,1.17709141942266,-0.638832645035247,4.07637651258593
362,0.2415,-0.299516031419027,-0.663848582825472,0.150686842827057,-0.313121827988447,-0.663848582825472,0.150686842827057,-2.72608787976051,-8.63883510971012,0.514337103431277
166,0.299,0.12756957493035,-0.413349396158189,1.14938340896538,0.0470866922935675,-0.413349396158189,1.14938340896538,0.191048492297128,-1.74355845630345,2.12519077894557
346,0.912,0.19014093451403,-0.22020561486561,0.955334393344445,0.136256151027898,-0.22020561486561,0.955334393344445,1.115412261528,-1.26157496601946,5.75424414375687
351,0.9145,-0.153019242297045,-0.645589669533439,0.637656791755948,-0.197507163852737,-0.645589669533439,0.637656791755948,-0.842572998824177,-3.46102782632604,1.20131172140044
376,0.2125,0.0029164144802565,-0.355569202484275,0.541790642907199,-0.0225118882256478,-0.355569202484275,0.541790642907199,-0.07799178575919,-3.3019666242543,3.91843439568637
228,0.238,0.0100510460998652,-0.317673891972322,0.569567088257343,-0.021836347973136,-0.317673891972322,0.569567088257343,-0.397617062208176,-6.47454879544152,5.35177589432701
193,0.593,-0.0431383314735362,-0.557545855905392,0.892498058045519,-0.104933720091561,-0.557545855905392,0.892498058045519,-0.566738714340515,-4.23226048634055,1.76507029572314
371,0.732,-0.0623173097441105,-0.569020929312021,0.893665157995496,-0.130972104305502,-0.569020929312021,0.893665157995496,-0.352629312980547,-1.86597614955271,1.21504054606522
195,0.466,-0.288803130724674,-0.745351316085554,0.295139657218387,-0.308639401019782,-0.745351316085554,0.295139657218387,-1.64046946700689,-6.06432685435958,0.729607377360826
213,0.733,0.296688718074808,-0.244299364800859,1.34633789716368,0.216894613227951,-0.244299364800859,1.34633789716368,1.42189089819985,-1.52453563516111,6.31197005280924
352,0.444,0.0987939385631965,-0.362051241873903,0.856679663171492,0.0614353800612324,-0.362051241873903,0.856679663171492,0.455849076239849,-3.43627181034414,4.94690289866895
372,0.816,0.340027151227273,-0.488978038818288,1.97013326592719,0.205087859024059,-0.488978038818288,1.97013326592719,0.423018592842179,-2.02845632531654,2.40087478752845
348,0.338,0.161818358899823,-0.373915098591874,1.26844340449808,0.0539652695159945,-0.373915098591874,1.26844340449808,0.295411559935989,-3.31227421090034,4.04046693761928
354,0.732,-0.161296633508566,-0.53375257802662,0.382330148380894,-0.189040952881664,-0.53375257802662,0.382330148380894,-1.3892886854635,-6.00922466552089,1.16879482217403
298,0.148,0.0321661940606836,-0.426965386114801,0.813720267956133,-0.0216437958471582,-0.426965386114801,0.813720267956133,-0.0646405844234831,-1.72196334025584,1.69829682110607
239,0.052,0.0756246885979084,-0.472499592206156,1.15533161707828,-0.00775635571510372,-0.472499592206156,1.15533161707828,-0.0267660206271674,-1.87091669505961,1.81295553892803
297,0.1625,0.0614296255175992,-0.503174955623154,1.23499935604731,-0.0277117237219986,-0.503174955623154,1.23499935604731,-0.0867595217348269,-1.80860828748377,1.62646568480334
236,0.0545,0.694431442027961,0.0601297415944321,2.2551579101398,0.54473855119146,0.0601297415944321,2.2551579101398,2.97590818691864,0.263402859412761,8.22418229874624
197,0.7005,-0.0704836980411483,-0.648866214694036,1.03517141816326,-0.152540346311036,-0.648866214694036,1.03517141816326,-0.559781272092133,-3.21907025235279,1.33915631055357
378,0.8725,0.417873990292531,-0.445882632276177,2.434014206762,0.243403764244239,-0.445882632276177,2.434014206762,0.424125054113486,-1.0944553197745,1.93628568314716
216,0.668,0.302605796547683,-0.177496096895485,1.36516368556527,0.204871202344871,-0.177496096895485,1.36516368556527,0.856439557417261,-0.708225705330589,3.14113893676909
214,0.444,-0.00476059754223778,-0.541312991554873,1.00857669842959,-0.0823882348500778,-0.541312991554873,1.00857669842959,-0.300430160890084,-2.33147395419209,1.49416435065122
194,0.611,0.451894880343566,-0.268787013009363,1.95660790540935,0.318804573789068,-0.268787013009363,1.95660790540935,1.13342061123292,-1.13999856142727,4.24333683535532
366,0.1085,0.173955541858127,-0.631186065536835,1.83875876198921,0.0283983118451717,-0.631186065536835,1.83875876198921,0.0266260550053758,-1.80643457454028,1.63413296423676
198,0.8525,-0.101710774553134,-0.581132274718006,0.702006473402092,-0.148516630800264,-0.581132274718006,0.702006473402092,-0.89007664523762,-5.01222456929735,1.57220130247166
212,0.7585,-0.0734811174791425,-0.482354410852747,0.552862654514545,-0.105677427808132,-0.482354410852747,0.552862654514545,-0.37459627172227,-2.2791902819812,1.70531619444145
347,0.0854999999999999,0.133300061550106,-0.613355454222021,1.51354164284807,0.0195806443438751,-0.613355454222021,1.51354164284807,-0.0956434592536824,-3.18764734037428,1.97121806729324
192,0.185,0.106412132068895,-0.461346876430175,1.11000193359195,0.0316587780949265,-0.461346876430175,1.11000193359195,0.115944958876443,-1.95610065303534,2.16833237534267
380,0.2315,0.545815778093863,-0.0871746204774168,1.97677273239955,0.386435305015241,-0.0871746204774168,1.97677273239955,1.6184166141579,-0.341442700305241,5.28487064277596
215,0.843,-0.196957532399396,-0.782225341032491,0.804111277117627,-0.256321640551797,-0.782225341032491,0.804111277117627,-0.748372695610158,-2.74425538323441,1.0245680981197
244,0.7015,-0.212321804155256,-0.712689165267515,0.545929113258372,-0.242874311881431,-0.712689165267515,0.545929113258372,-1.1712126351944,-4.82281177373212,1.05542856626944
355,0.469,0.541830701910146,-0.211500499348018,2.16963333995896,0.398029063605763,-0.211500499348018,2.16963333995896,1.19516986016898,-0.761200699601204,3.9570901269675
379,0.6905,-0.0639389625338524,-0.503164520996914,0.59708741522975,-0.0950949532449925,-0.503164520996914,0.59708741522975,-0.424343783535001,-2.64256074543701,1.83011313910064
363,0.1905,0.145042266042071,-0.488646134993756,1.38387459665009,0.0391746442120356,-0.488646134993756,1.38387459665009,0.102073084139658,-1.54226449876483,1.74166198742312
364,0.425,0.408408915217768,-0.160452651948626,1.6141409134872,0.299856361960221,-0.160452651948626,1.6141409134872,1.623648801047,-0.680610657707036,6.25140886764086
106,0.445,-0.328603186466647,-0.849201460911582,0.485833374172886,-0.368050844265361,-0.849201460911582,0.485833374172886,-1.47159585675003,-5.09154105901925,0.740052159499241
237,0.5915,0.504449519902163,-0.225452302715694,2.18515392664284,0.33838763517752,-0.225452302715694,2.18515392664284,0.837094226071854,-0.703846888887424,2.51179221559685
103,0.929,-0.127296293909582,-0.525563474118263,0.535009048041141,-0.164559876748258,-0.525563474118263,0.535009048041141,-1.31146216624343,-6.20277180332198,1.78028699350143
105,0.154,0.425871480688536,-0.031401222295854,1.5123535618919,0.323566712747421,-0.031401222295854,1.5123535618919,2.73627436657236,-0.208053326088832,7.93827085224325
104,0.6275,0.103295086837886,-0.310579434317631,0.777427693312403,0.0703547277621544,-0.310579434317631,0.777427693312403,0.782507031773191,-3.86254576271121,6.16288560236751
381,0.04,0.866187467044779,0.0843404109353973,2.79400805975545,0.671336840092675,0.0843404109353973,2.79400805975545,2.58924240916359,0.325925792879024,7.27667926264717
357,0.8645,0.194129903219452,-0.267328845325619,1.14189647140631,0.11713989821107,-0.267328845325619,1.14189647140631,0.641751657592328,-1.14932268070146,3.3568531255383
367,0.6895,0.184413528008043,-0.339228435349972,1.13980403510507,0.107898276422101,-0.339228435349972,1.13980403510507,0.618515544154322,-1.67641329354775,3.95383580150062
240,0.5765,-0.185531545324974,-0.542969566062039,0.240481437211731,-0.199075936559037,-0.542969566062039,0.240481437211731,-1.86167134282936,-7.25085397084064,1.30284517159318
382,0.4935,0.172543731685428,-0.402713977087266,1.29596835838578,0.0902598146025543,-0.402713977087266,1.29596835838578,0.341039485873783,-1.88520942073189,2.79153411368353
293,0.4225,0.488941110905843,-0.161122422803707,1.96447054088837,0.357352229971843,-0.161122422803707,1.96447054088837,1.10347417230692,-0.605953685767232,3.18241871573015
359,0.3925,0.380484615789429,-0.142065373895326,1.45409812257817,0.285452874663487,-0.142065373895326,1.45409812257817,1.75817616802812,-0.74493872125276,6.54739645591076
487,0.9895,-0.112331951729946,-0.537727518016809,0.577315918478403,-0.1488319899479,-0.537727518016809,0.577315918478403,-0.600905822157193,-2.51272881732637,1.16501011038103
294,0.838,0.205434177296156,-0.205273837802735,0.995105127688253,0.146134492017255,-0.205273837802735,0.995105127688253,1.24095450990602,-1.1235177836313,5.74834647819691
296,0.0305,0.608380209979896,0.0711964419556245,1.96911916638153,0.471977245961565,0.0711964419556245,1.96911916638153,2.66143842451903,0.342296474966811,7.58455915481157
365,0.323,0.127916613051807,-0.391305362078529,1.15966168726798,0.050853523140619,-0.391305362078529,1.15966168726798,0.280346791799234,-1.7261539883037,2.38895384115785
238,0.2825,0.623358019886298,-0.113947659948912,2.37322592850687,0.46306838712381,-0.113947659948912,2.37322592850687,1.31031050640785,-0.397544391061561,3.60595610623238
353,0.187,0.644843152393394,-0.060208889283367,2.39980238806956,0.48096951469192,-0.060208889283367,2.39980238806956,1.33889992651421,-0.21082240304323,3.31698957580773
386,0.9195,-0.112810641521767,-0.620110099175288,0.676506538509491,-0.15858426421404,-0.620110099175288,0.676506538509491,-0.634872671872833,-2.94548358253902,1.2044766549635
295,0.8995,0.28549395905266,-0.344882206050842,1.54682809282203,0.176941370540086,-0.344882206050842,1.54682809282203,0.625188444706753,-1.58525856493522,3.07207171254584
292,0.701,0.407253231301656,-0.455043245557464,2.25601663683806,0.18951253837329,-0.455043245557464,2.25601663683806,0.345557411683999,-1.25182633692469,1.90873099523864
242,0.392,0.151298443805343,-0.365401176497552,1.21663506874818,0.0664232455414392,-0.365401176497552,1.21663506874818,0.198247245626063,-1.25186876011133,1.79529317199342
358,0.2085,0.148071108753172,-0.539575410859045,1.50566562449943,0.0438671847677594,-0.539575410859045,1.50566562449943,0.0859265203211361,-1.73126335517608,1.79238164015852
245,0.9125,0.37420321179393,-0.302803604009769,1.88021955162178,0.23988350560024,-0.302803604009769,1.88021955162178,0.629731553432653,-0.974766451169158,2.34294727356644
369,0.725,-0.180763270605104,-0.594458118043784,0.405780000262576,-0.204154998362377,-0.594458118043784,0.405780000262576,-1.54557496111684,-6.55851071024937,1.33592102437851
384,0.5415,0.265049506806417,-0.15688710559613,1.11529615596317,0.197679593781267,-0.15688710559613,1.11529615596317,2.11500378094336,-1.33784687606996,7.74210187109261
385,0.4135,0.175647168341304,-0.437741160490085,1.35779810894053,0.0775470954916648,-0.437741160490085,1.35779810894053,0.224186315118491,-1.7328168874362,2.07173396037407
375,0.3145,-0.287257381811869,-0.652010028940707,0.236557342478393,-0.311052539893368,-0.652010028940707,0.236557342478393,-2.60789925045338,-8.27199256648174,0.731401911566663
241,0.506,-0.148014171887001,-0.438336025895105,0.136002915366832,-0.147650823022953,-0.438336025895105,0.136002915366832,-2.27080182585373,-7.9587606722455,1.8508193965844
374,0.474,-0.28872304011807,-0.804071835536797,0.455054100384109,-0.314287375979584,-0.804071835536797,0.455054100384109,-1.23546608321056,-4.11912833793606,0.753983431808113
368,0.458,-0.00416958871553756,-0.547225116303378,1.03167109077289,-0.0841483214129889,-0.547225116303378,1.03167109077289,-0.245875725224632,-1.98384382439287,1.38361203241606
243,0.686,0.412205630545048,-0.276067436439605,1.77033449171931,0.296863866156379,-0.276067436439605,1.77033449171931,1.04480007182225,-1.13999879357729,3.90363254854968
370,0.064,0.542316313917898,0.0327435014208972,1.78377469804074,0.41673895400927,0.0327435014208972,1.78377469804074,2.32061207821853,0.144342791931239,7.16279574465112
360,0.1145,0.593728398884378,-0.0103174702459072,2.10715586345626,0.446349648654257,-0.0103174702459072,2.10715586345626,1.47898392517397,-0.0375955822132412,3.84508034872482
387,0.9695,0.361422320861594,-0.329782365536984,1.88183248122218,0.228434896853368,-0.329782365536984,1.88183248122218,0.629317965270671,-1.14836130411311,2.56728260150601
383,0.576,-0.246322717325508,-0.688052259582284,0.390866708590422,-0.280432899767629,-0.688052259582284,0.390866708590422,-2.0028254634874,-7.42725210918722,0.991582466384994
377,0.786,0.411937739480362,-0.290212445557297,1.98371439216517,0.264987321532972,-0.290212445557297,1.98371439216517,0.820508041556842,-1.02464097547601,2.96816439964466
459,0.2435,0.155822405287461,-0.461548208674983,1.42170512073313,0.0485793678561453,-0.461548208674983,1.42170512073313,0.127986118848958,-1.46124793794442,1.73375181077914
477,0.575,0.362487476737363,-0.175440601930465,1.58712218875827,0.250940119169541,-0.175440601930465,1.58712218875827,1.16089991078924,-0.753123418821024,4.34816031758545
221,0.3085,-0.291353254153382,-0.687331149098455,0.2361614042523,-0.30677912864824,-0.687331149098455,0.2361614042523,-2.1346402220109,-7.15060570630796,0.606785708950648
495,0.8045,0.326821316825749,-0.224974032935166,1.53576641263901,0.21230105047797,-0.224974032935166,1.53576641263901,0.782051773512447,-0.830504198470299,3.015208578125
481,0.2635,0.131067703570111,-0.436697888526968,1.23795446583232,0.0450144583512071,-0.436697888526968,1.23795446583232,0.135464681970642,-2.16624771788359,2.24923967667142
218,0.086,0.564840583410209,0.0120207661624269,1.8570984386625,0.440256919976771,0.0120207661624269,1.8570984386625,2.60045313700024,0.0591413521304405,7.87883086319634
220,0.4865,-0.215315084537395,-0.58654528258867,0.283572545564167,-0.232602507257089,-0.58654528258867,0.283572545564167,-1.65651266923446,-5.95796463120024,0.848165331071296
493,0.91,0.437256906772382,-0.388565251704325,2.11517860980019,0.28526359442481,-0.388565251704325,2.11517860980019,0.658797166829311,-1.2635660290172,2.4939898864592
494,0.688,-0.210078772578466,-0.654292969727075,0.503835577425183,-0.258369203263049,-0.654292969727075,0.503835577425183,-1.74601251594328,-7.2937564213621,1.20065785079199
10,0.9305,-0.178217284866957,-0.764834580204136,0.815325021141288,-0.237814252183197,-0.764834580204136,0.815325021141288,-0.865470285135776,-3.93451349964312,1.14668703830734
223,0.165,0.114312040548894,-0.488995783932628,1.26054297997331,0.0308181413301126,-0.488995783932628,1.26054297997331,0.0802733849734956,-1.83493357202929,1.94645274567671
480,0.8,-0.207950315546351,-0.734514649115887,0.620530170691022,-0.255289856715962,-0.734514649115887,0.620530170691022,-1.06664425977808,-4.68042699381297,1.03003932457156
8,0.5595,-0.0318025632685644,-0.516588291293392,0.819366728300687,-0.0877923870302064,-0.516588291293392,0.819366728300687,-0.371437000912487,-2.46885605432364,1.48381915556889
473,0.191,-0.369939995209904,-0.785432821013991,0.122971587209889,-0.382119516915806,-0.785432821013991,0.122971587209889,-2.61768104648352,-8.17577405451359,0.342274136386806
24,0.856,-0.140264226197249,-0.515747888017974,0.379701799617714,-0.165829033761929,-0.515747888017974,0.379701799617714,-1.59102953201959,-7.27042248239392,2.35298382157892
217,0.45,-6.21604712998196e-05,-0.541596696418032,1.12044030299953,-0.0877176293800874,-0.541596696418032,1.12044030299953,-0.231844291929891,-1.87444478501493,1.42096845540486
102,0.6175,0.373114460385465,-0.207442796417671,1.62090092159142,0.262442147082301,-0.207442796417671,1.62090092159142,1.23009175544863,-0.918789326317036,4.64986967772792
468,0.8875,0.288707249282617,-0.310091481047105,1.67178281834897,0.162359223804533,-0.310091481047105,1.67178281834897,0.448605226991254,-0.949957695213163,2.03171948759659
486,0.716,-0.0662089119418764,-0.442696840538101,0.470312425198918,-0.0875574531761057,-0.442696840538101,0.470312425198918,-0.684660730603233,-4.50943790357347,2.50785769243552
476,0.492,-0.241471492153439,-0.643574651891774,0.338738448761489,-0.269649689468614,-0.643574651891774,0.338738448761489,-2.13788515453468,-7.83063884187871,1.11071961136981
472,0.521,-0.305321787342876,-0.814343669724027,0.439880506726837,-0.346601132786354,-0.814343669724027,0.439880506726837,-1.701743464973,-6.63326404707365,0.810370258900733
12,0.202,0.0499930635993614,-0.535008616819543,1.20172699691798,-0.0401246196957147,-0.535008616819543,1.20172699691798,-0.11210293084382,-1.82728504553253,1.60282152675272
222,0.112,0.625697264553104,-0.0120706373429832,2.18825402305906,0.475012902120948,-0.0120706373429832,2.18825402305906,1.95636722418141,-0.054566839053619,5.96237488525962
490,0.362,0.0886759193101041,-0.35313727467994,0.818888502042183,0.0453948997956992,-0.35313727467994,0.818888502042183,0.393836983946382,-1.81920376696526,3.77655930917158
219,0.7675,0.233253322490132,-0.226378990758681,1.11654847152737,0.173626525875594,-0.226378990758681,1.11654847152737,1.29781775900035,-1.2826300712808,5.86955991969416
6,0.7125,0.243868601086876,-0.401073705462969,1.48812272846149,0.147491138788217,-0.401073705462969,1.48812272846149,0.402622817293221,-1.88875068920685,2.43008237590527
479,0.7565,0.271868715400259,-0.35092400184996,1.65798377326652,0.155428064580999,-0.35092400184996,1.65798377326652,0.433785320124431,-1.27841900291197,2.17932755925242
456,0.4325,0.137921120780306,-0.321182331958103,1.09898728579008,0.0637310576218055,-0.321182331958103,1.09898728579008,0.251864022271749,-1.26986473361503,1.97656194876944
11,0.982,0.261265808883646,-0.284906153255372,1.40609162484265,0.171167686060362,-0.284906153255372,1.40609162484265,0.708373717970889,-1.23935391233064,3.27974523038849
356,0.359,-0.263600630822233,-0.631566584504066,0.230437894561293,-0.279017518282488,-0.631566584504066,0.230437894561293,-2.20470394583126,-7.72094016255415,0.739577983954443
482,0.912,0.309136701839512,-0.312342403165233,1.70168315473601,0.182086202972471,-0.312342403165233,1.70168315473601,0.462176003384392,-0.94458566923557,2.01250112909564
492,0.688,0.13946099894275,-0.299545239872235,0.911409312901371,0.084031407449168,-0.299545239872235,0.911409312901371,0.627010743906142,-1.49977963847795,4.07946657303518
26,0.181,-0.32298222210409,-0.685623045166964,0.0953423793577595,-0.329070473729997,-0.685623045166964,0.0953423793577595,-2.20432429558218,-6.99882160957007,0.294904684459718
101,0.745,0.192538972038665,-0.296712029994571,1.22168234249455,0.110155752444607,-0.296712029994571,1.22168234249455,0.463252600416628,-1.18535671835797,2.51326839558977
7,0.204,0.107935306089956,-0.412116832297598,1.09002331199865,0.0361445292978174,-0.412116832297598,1.09002331199865,0.124226060370517,-1.64310739790311,1.92417434359994
9,0.288,0.00825814500041884,-0.501755026098419,0.857550761180954,-0.0477894984697598,-0.501755026098419,0.857550761180954,-0.194855533650366,-2.32624106896488,1.84769243620155
478,0.2125,0.169744720582434,-0.499606387063694,1.61253373001286,0.0431922791087633,-0.499606387063694,1.61253373001286,0.108077073878431,-1.30176978960816,1.57952352090164
491,0.162,0.109200377848671,-0.481712080473796,1.25817860231242,0.029915839046991,-0.481712080473796,1.25817860231242,0.0805239195876774,-1.96526853065578,2.04197231429362
21,0.143,-0.380365641926672,-0.746205445985029,0.053589179761874,-0.386459752231211,-0.746205445985029,0.053589179761874,-3.20291550292769,-8.81900268740639,0.191339075478716
27,0.5005,-0.0355692548772783,-0.381594161277503,0.459262913294438,-0.0531528539435096,-0.381594161277503,0.459262913294438,-0.318482510311845,-3.45281127119589,3.59162524707628
25,0.1735,0.657384927955832,-0.0445926168003133,2.32973381121789,0.491966983329447,-0.0445926168003133,2.32973381121789,1.60002978151539,-0.163903727208786,4.63825450340885
28,0.44,0.445361806313913,-0.149123168161083,1.8065146932468,0.318488914151733,-0.149123168161083,1.8065146932468,1.13557123849228,-0.550447412064862,3.66811220333974
29,0.6155,-0.0389064221942003,-0.566852325091537,0.959743921894366,-0.10999531151797,-0.566852325091537,0.959743921894366,-0.350239537983721,-2.14369136429631,1.45120818933583
474,0.82,0.384834801461433,-0.275608916064085,1.86809132310277,0.250152185259812,-0.275608916064085,1.86809132310277,0.631642855648623,-0.837943873835363,2.22648360998783
499,0.4505,0.506703028372833,-0.182079466933373,2.16348677130373,0.356341020557166,-0.182079466933373,2.16348677130373,1.21359705880974,-0.672899623179354,4.04324353657902
30,0.3475,0.022093110530306,-0.555107023076556,1.13939880903207,-0.0653754852825979,-0.555107023076556,1.13939880903207,-0.183674233011323,-1.86091157467701,1.4487110490239
475,0.1715,0.212513373079707,-0.605675515963536,2.04032962735026,0.0469212060189584,-0.605675515963536,2.04032962735026,0.0764064551691012,-1.54374524590946,1.6439161695952
22,0.1345,0.654426174887808,-0.0283425476899201,2.26966885806424,0.495427189342969,-0.0283425476899201,2.26966885806424,2.16050294880705,-0.114008417022431,7.09541249828532
31,0.7815,0.24803713779133,-0.325050498979895,1.47572005967986,0.145521418372332,-0.325050498979895,1.47572005967986,0.38540023151902,-0.998150461527028,1.90743541014806
23,0.0895,0.829811730119855,0.0136974251082359,2.91642182896445,0.636234963626274,0.0136974251082359,2.91642182896445,1.74246440222939,0.0398789278622186,4.72853494709372
20,0.0914999999999999,0.0979473832213632,-0.480540275234582,1.19349253026215,0.0177658459057546,-0.480540275234582,1.19349253026215,0.0228048526932791,-1.91586433402375,1.82445379896123
488,0.118,-0.386390726695382,-0.771574049162414,0.0237897155558332,-0.389861675051513,-0.771574049162414,0.0237897155558332,-3.07033294405011,-8.91274968175009,0.0683748298866584
260,0.1755,0.0525744389876525,-0.537960937210014,1.18868582334335,-0.0327500666118253,-0.537960937210014,1.18868582334335,-0.360972002047285,-4.77073773358238,2.06398653511492
457,0.3445,0.370653922522335,-0.123103050037283,1.43853273514495,0.281009975975767,-0.123103050037283,1.43853273514495,1.71638491091672,-0.573327223730263,6.49811747506914
489,0.3315,0.0114042592378199,-0.566842278796998,1.04058033277523,-0.067064116182453,-0.566842278796998,1.04058033277523,-0.223489851920405,-2.24047233248573,1.59916659487464
257,0.593,-0.184957187545257,-0.551510164150736,0.305450588196034,-0.199780517790637,-0.551510164150736,0.305450588196034,-1.61550885793375,-6.40511821001742,1.14356552370254
251,0.7665,-0.107899353588213,-0.754509940241754,1.04474482744785,-0.187617792835018,-0.754509940241754,1.04474482744785,-0.759128499775504,-4.43698385933841,1.35340729966726
254,0.432,0.400546281874081,-0.140691594478673,1.62121206633771,0.287208762731768,-0.140691594478673,1.62121206633771,1.19867949163389,-0.558604091056158,3.92148075554134
253,0.037,0.778238459557632,0.076666348399721,2.53675728211609,0.605817588175709,0.076666348399721,2.53675728211609,2.56494697447974,0.283324944326028,7.29104907034728
255,0.169,0.651764710598041,-0.0580633665114607,2.30493899185487,0.500843216605894,-0.0580633665114607,2.30493899185487,2.43982078119239,-0.261368781280997,7.43099473768559
259,0.758,-0.209632031248134,-0.701044513254995,0.605899202556837,-0.257540978472164,-0.701044513254995,0.605899202556837,-1.33403558781707,-5.72032304731136,1.13340704314639
258,0.3775,-0.000594663414228798,-0.607752507534999,1.11586895437088,-0.0752812205590381,-0.607752507534999,1.11586895437088,-0.412808916638851,-3.67985450756928,1.70114948852326
256,0.79,0.200571802230345,-0.366308081031989,1.21797841146504,0.134011060513601,-0.366308081031989,1.21797841146504,0.626380695080973,-2.67202214446516,4.27368618498053
252,0.1305,0.0583020928180446,-0.506197975695625,1.09337876378162,-0.0219028341645421,-0.506197975695625,1.09337876378162,-0.0634753996054853,-1.82496575600775,1.73022639533455
500,0.59,-0.0382466616558429,-0.503172585237626,0.778207119954235,-0.0917596834690732,-0.503172585237626,0.778207119954235,-0.390743256295848,-2.48132452512728,1.51321158609438
458,0.918,-0.10382576909791,-0.424684803318149,0.28371200149444,-0.110541067756142,-0.424684803318149,0.28371200149444,-1.33587159251315,-6.32589635829657,2.76290145734788
497,0.557,0.395716590382711,-0.214818265915537,1.65836969204237,0.289480082241435,-0.214818265915537,1.65836969204237,1.5453947725585,-1.06796239868057,5.94256320567229
498,0.2125,0.0697812839162342,-0.364540885662189,0.797788391942347,0.0274187443813742,-0.364540885662189,0.797788391942347,0.235740073080947,-2.27214829922204,3.45582828688315
118,0,1.00982643307805,0.284839487199308,2.93403371225092,0.804991586665288,0.284839487199308,2.93403371225092,4.67858054720502,1.68783795038827,10.5489050060998
114,0.628,0.567892688754026,-0.286740398113105,2.39933374420281,0.390956171674855,-0.286740398113105,2.39933374420281,0.845324411001075,-0.79815378399179,2.64107394053456
496,0.676,0.311539765046207,-0.464305072498682,1.97618626420604,0.162879825996143,-0.464305072498682,1.97618626420604,0.332643564612198,-1.40123515704804,1.94419535668892
113,0.848,0.316066266914002,-0.387037983048388,1.82508421561524,0.187607400263369,-0.387037983048388,1.82508421561524,0.494636622690241,-1.37183616860378,2.35965201950482
412,0.869,-0.146473177177303,-0.558013552555435,0.448700600164995,-0.179136970701618,-0.558013552555435,0.448700600164995,-1.410591823544,-6.67152683388281,1.59138250166646
112,0.5845,0.433823228576889,-0.263178907718503,1.87633778950037,0.313741562445891,-0.263178907718503,1.87633778950037,1.41303002037022,-1.38742872484378,5.50905046083365
484,0.7005,0.40654931096235,-0.276374847701834,1.79168728166894,0.280782151478597,-0.276374847701834,1.79168728166894,0.908430625602736,-1.02521083645386,3.24561076532325
485,0.876,0.33993430787187,-0.256293965103495,1.66622814921643,0.215548982088445,-0.256293965103495,1.66622814921643,0.596157518479564,-0.850569840420031,2.24728142625786
414,0.842,0.284196126719971,-0.347674751466049,1.62823945413766,0.162859367950277,-0.347674751466049,1.62823945413766,0.497081079896389,-1.31142052318172,2.35968795733671
111,0.7455,-0.0909877445559221,-0.693320267262403,0.96592840428517,-0.158062546031006,-0.693320267262403,0.96592840428517,-0.672656719019134,-4.02853832036824,1.37011490888861
120,0.185,0.390798444593762,-0.0492091781116568,1.35972568475649,0.300457762006229,-0.0492091781116568,1.35972568475649,2.38742915463483,-0.285137886691257,7.67005442034252
117,0.135,0.0717186519129452,-0.438959575410963,0.940966792890022,0.0208764960692071,-0.438959575410963,0.940966792890022,0.163134864811248,-2.67344008460539,3.35520123351066
116,0.1035,0.903551900965475,-0.00405647578772981,3.09111402025441,0.700239745570883,-0.00405647578772981,3.09111402025441,1.70319895636726,-0.0102440945788217,4.48411761604227
119,0.4465,0.584891003836839,-0.177919368586468,2.43714077714467,0.408562123286101,-0.177919368586468,2.43714077714467,0.926891206530411,-0.547401091131145,2.56125669114404
115,0.512,-0.236841793719255,-0.782922159299253,1.99155371093425,-0.378911469302429,-0.782922159299253,1.99155371093425,-1.88804556921925,-6.89996115236938,1.81792084050259
331,0.3695,0.149236692292033,-0.349761369647478,1.26921746942948,0.0529300938529485,-0.349761369647478,1.26921746942948,0.300742652422858,-1.62465255619764,2.67700884615453
413,0.43,0.000449047582549033,-0.49115300491021,0.926832945865141,-0.0720342988366482,-0.49115300491021,0.926832945865141,-0.201453543416484,-1.8023516329046,1.44148890879381
415,0.779,-0.0960027197427402,-0.674441258899751,0.902805013336803,-0.161841065540359,-0.674441258899751,0.902805013336803,-0.661891807101171,-3.79334647188786,1.35242169769095
483,0.718,0.442300600474519,-0.233521011331054,2.05345186784226,0.285494598962468,-0.233521011331054,2.05345186784226,0.697815489621545,-0.69473234267446,2.25641079727276
416,0.508,0.226515295578733,-0.394264376834158,1.57625986050579,0.100578212291799,-0.394264376834158,1.57625986050579,0.285956262889558,-1.34646242703109,1.97301057675346
469,0.089,0.0491004328053772,-0.548178887518524,1.08408857820778,-0.0152026169744131,-0.548178887518524,1.08408857820778,-0.208250974677202,-3.47710113120945,2.16687852829423
150,0.3745,-0.000160730971187845,-0.462253209322338,0.811592870158981,-0.0525359862982026,-0.462253209322338,0.811592870158981,-0.189425689700702,-1.96617393510213,1.68551540037885
334,0.135,0.0714688287556641,-0.5049965914615,1.27887621432475,-0.023056511289273,-0.5049965914615,1.27887621432475,-0.0573718270656936,-1.73276927401114,1.60667095800702
399,0.678,0.528356411119013,-0.269442088024568,2.48945121506054,0.334111922181468,-0.269442088024568,2.48945121506054,0.656144246559423,-0.696614396250631,2.1162071385754
33,0.0175,1.0651014866338,0.148795781162406,3.34846191433204,0.844631673000334,0.148795781162406,3.34846191433204,2.70334075007206,0.52488211663034,7.31498662241828
332,0.09,0.651375118942129,0.0091225839443913,2.23781130854192,0.496390256024613,0.0091225839443913,2.23781130854192,1.76991614846598,0.03015409300483,5.05047947286405
438,0.844,0.334939161998201,-0.27443788371607,1.64160120168477,0.21946868159103,-0.27443788371607,1.64160120168477,0.738389663656962,-1.11085528082509,2.74813092808089
339,0.1135,0.0553486143451337,-0.41097592113038,1.04087354075714,-0.0159576864521428,-0.41097592113038,1.04087354075714,-0.0290662450045177,-1.70625798962956,1.84420554790384
70,0.042,0.593671534269906,0.0567469875727678,1.94382424114037,0.46225959615616,0.0567469875727678,1.94382424114037,2.59646175162405,0.252664899572265,7.41345322711841
39,0.0235,0.719369678822411,0.0931734152611099,2.29710863791913,0.56408897489241,0.0931734152611099,2.29710863791913,2.59006731646615,0.388302807161017,7.13581238740801
338,0.701,-0.0616841751314028,-0.518673532136697,0.722499266075231,-0.109557603109935,-0.518673532136697,0.722499266075231,-0.358615142262059,-1.97629938580185,1.32767172583712
341,0.9115,0.311204990235495,-0.282881639683657,1.55748999193521,0.205880258459887,-0.282881639683657,1.55748999193521,0.784513710333354,-1.14809846322407,3.15748690063531
36,0.0035,0.631997213647126,0.144401730724746,1.90150135538308,0.501522136134567,0.144401730724746,1.90150135538308,4.09306354463444,1.07735060327666,9.73592150125205
400,0.014,1.08737508033222,0.18775521573133,3.32912695551588,0.858434569851235,0.18775521573133,3.32912695551588,3.14869711289713,0.673346506144751,8.13224609840868
337,0.5935,-0.221468162835772,-0.620049257066444,0.385499254166197,-0.256269375888244,-0.620049257066444,0.385499254166197,-2.12310901894373,-7.99557182513841,1.29546890644587
397,0.0125,0.816287534164312,0.151761559038533,2.5377558100988,0.650119767857281,0.151761559038533,2.5377558100988,3.49608548199199,0.743295650694648,8.90263477461539
398,0.6515,-0.0672360621954509,-0.553398754247689,0.666484566563215,-0.106566968429658,-0.553398754247689,0.666484566563215,-0.780232681453481,-5.38433923945035,1.83658387949133
401,0.5355,-0.0454712532857685,-0.484431063157006,0.596715675581582,-0.079743280117605,-0.484431063157006,0.596715675581582,-0.486245033037291,-3.7885099170353,2.41487026785836
392,0.67,-0.162208874037244,-0.528321269405313,0.254065926785797,-0.168602256588972,-0.528321269405313,0.254065926785797,-1.3593269151612,-5.71996310077407,1.59211085350088
396,0.4795,0.492478036128699,-0.15684412921736,2.00875395776389,0.34208697585674,-0.15684412921736,2.00875395776389,1.04626924158615,-0.567567504210674,3.07393335805298
335,0.1605,0.120103111700321,-0.494195169174632,1.3041631677586,0.0334477732528704,-0.494195169174632,1.3041631677586,0.0369525943374373,-2.34433427848431,2.04146783336588
340,0.784,0.267801434715041,-0.388872389698316,1.64549746428861,0.158905261369954,-0.388872389698316,1.64549746428861,0.439318678331569,-1.32772156020471,2.27590953378792
77,0.6445,0.215930266474481,-0.429581975531954,1.42311525763433,0.128805160267999,-0.429581975531954,1.42311525763433,0.404026197737686,-2.52090061895939,2.9691331106388
68,0.8945,0.339931731179206,-0.290916754916668,1.69457262161754,0.220939004943396,-0.290916754916668,1.69457262161754,0.753372210558886,-1.10104403314623,3.03858786062636
361,0.313,0.466961729024811,-0.101622283755215,1.83478500334361,0.336972327415998,-0.101622283755215,1.83478500334361,1.59261876931383,-0.465517928572218,5.56937783563448
144,0.5355,0.113426435966466,-0.304799343083445,0.854912928458375,0.0643505058441871,-0.304799343083445,0.854912928458375,0.448619889798953,-1.48256251764814,3.26562594823357
336,0.329,-0.403819874259389,-0.865960854759119,0.350659106059108,-0.451881251986448,-0.865960854759119,0.350659106059108,-2.28347462378041,-8.00043382733653,0.573520224749868
395,0.1755,0.097441943224277,-0.69616341756146,1.79037543564277,-0.0480820485737057,-0.69616341756146,1.79037543564277,-0.204753618965393,-2.81567182409027,1.69170469765378
71,0.107,0.222234640323034,-0.527662368457739,2.79805920970135,0.0235795222515102,-0.527662368457739,2.79805920970135,0.0650805042213198,-1.59125586866788,2.00466355362198
69,0.099,0.577186303012372,0.00032109080977632,1.92700330934946,0.452604489491394,0.00032109080977632,1.92700330934946,2.6786672617745,0.00233222999567915,7.78472627958859
76,0.617,-0.0467160547269459,-0.640805977915263,1.16213472062488,-0.131292601442189,-0.640805977915263,1.16213472062488,-0.50718570379605,-3.36391099316318,1.85543333212057
146,0.282,0.047054085840356,-0.567324822772922,1.60092755510759,-0.054133321604371,-0.567324822772922,1.60092755510759,-0.29819973545396,-3.06034438077868,1.8010210988624
145,0.589,0.117332361683818,-0.287255345973179,0.839722480648781,0.0677863165573873,-0.287255345973179,0.839722480648781,0.603384629462321,-1.53442801207533,4.38227456913849
79,0.3015,0.0171053271550218,-0.50112246506835,0.994129008806464,-0.0501837244318223,-0.50112246506835,0.994129008806464,-0.194594507442992,-2.16360265076642,1.6149708349152
75,0.0089999999999999,0.0884824242990324,-0.562884409109505,1.34511473451339,-0.00182214361931943,-0.562884409109505,1.34511473451339,-0.0539694773921597,-1.97622784307903,1.66240026049596
66,0.328,0.369139068283984,-0.117720513445843,1.35896407649929,0.278876829345815,-0.117720513445843,1.35896407649929,2.29280967206701,-0.771980091960921,7.62726249579627
78,0.1595,0.121596042218585,-0.590121521334685,1.42053645214641,0.0361121828002813,-0.590121521334685,1.42053645214641,-0.0623672310619527,-2.94085836738161,1.90144101956841
72,0.2325,-0.415993334302621,-0.889726278047595,0.196536420105773,-0.439015249806736,-0.889726278047595,0.196536420105773,-2.11581433204483,-6.90064588801963,0.374475220688211
74,0.9355,-0.145144290078427,-0.641041882860744,0.651406366927061,-0.190214979451769,-0.641041882860744,0.651406366927061,-0.692551055692177,-2.72495346404589,1.10376687301412
67,0.4,-0.284581728577664,-0.687518423118541,0.303131380043795,-0.311788153465066,-0.687518423118541,0.303131380043795,-1.75990471102302,-6.33601935822548,0.701278058988066
73,0.19,0.608850276788364,-0.0614508227458589,2.2326478423782,0.457303145829685,-0.0614508227458589,2.2326478423782,1.42257579010329,-0.213364610036579,3.9068418794357
80,0.723,0.322705358624453,-0.452887644029109,1.90456489209568,0.183681247894036,-0.452887644029109,1.90456489209568,0.373813116364204,-1.37731538229035,2.02000976745273
84,0.9235,0.280154984793477,-0.30766361930061,1.42267212927987,0.184395911235218,-0.30766361930061,1.42267212927987,0.83675666975935,-1.54921867107847,3.97650881333219
38,0.0305,1.00977125733839,0.117849851882821,3.22448060019766,0.790741167784258,0.117849851882821,3.22448060019766,2.1485611233369,0.354036637794743,5.45504725663924
147,0.2265,0.0272730439717954,-0.525725982466003,1.00464299716659,-0.0444407819875197,-0.525725982466003,1.00464299716659,-0.394644516536863,-4.96134807962155,2.21382691220869
141,0.0135,1.09888176472646,0.209209002654841,3.43855878939083,0.867536191150991,0.209209002654841,3.43855878939083,3.15128623829142,0.74350373863234,8.17083360540781
87,0.3935,0.483827545256754,-0.144077022320062,1.94819836044545,0.347649197396642,-0.144077022320062,1.94819836044545,1.02900958706153,-0.486330358630887,2.85895033518614
143,0.6485,-0.0540515089494966,-0.509562022420782,0.714321105856535,-0.0994243357983592,-0.509562022420782,0.714321105856535,-0.347925154025986,-2.06298462439355,1.39339855399122
90,0.962,0.416322418598051,-0.397999999431254,2.25090248069716,0.243726293246221,-0.397999999431254,2.25090248069716,0.48977542898846,-1.07072760929992,2.03209501567577
88,0.7885,0.236995192855354,-0.302757029064939,1.38941625337748,0.133997144809214,-0.302757029064939,1.38941625337748,0.430353572660211,-1.09131858379159,2.16348880583552
83,0.218,0.39013042684677,-0.0502188623958328,1.48165039008637,0.292102767779812,-0.0502188623958328,1.48165039008637,2.09942680161376,-0.27399756935733,7.25952348969475
92,0.408,0.00110478233174092,-0.63355457681137,1.20926888774752,-0.0879789275494557,-0.63355457681137,1.20926888774752,-0.298808863731283,-2.42939791380276,1.53355105012721
95,0.5525,-0.0483915571051697,-0.479301321964193,0.637573316509358,-0.0838025181419281,-0.479301321964193,0.637573316509358,-0.68525287591343,-5.70670567551341,3.32350064493634
94,0.2925,0.0242351251632679,-0.545344779912802,1.03179341044488,-0.0542678767061352,-0.545344779912802,1.03179341044488,-0.180601340240222,-2.06561530218648,1.55554012772946
82,0.9455,0.250278305309683,-0.271314989359425,1.27685308950228,0.16511202672502,-0.271314989359425,1.27685308950228,0.944264558327216,-1.36628603207668,4.55207725550808
96,0.153,-0.479916140157249,-0.917437403270076,0.0936499840082085,-0.495257583238173,-0.917437403270076,0.0936499840082085,-2.16504524543298,-6.59754900759358,0.169794738185491
41,0.3865,-0.157315871917472,-0.456061923812319,0.0593187952772933,-0.14499659213793,-0.456061923812319,0.0593187952772933,-2.69195245513912,-8.50965352707782,1.97923611735992
391,0.963,0.372949544119252,-0.379093341107912,2.06105694629743,0.227339220370367,-0.379093341107912,2.06105694629743,0.523922515602114,-1.17673693833764,2.22719291317444
388,0.3355,0.107436539023597,-0.356602246505217,0.969585039019249,0.0477964666631164,-0.356602246505217,0.969585039019249,0.261604569145117,-1.63264728858169,2.57455700277748
149,0.236,0.0922672738111507,-0.346191577213645,0.898166970944572,0.0312717087786398,-0.346191577213645,0.898166970944572,0.176038857839918,-1.42943946797825,2.11767275474347
155,0.9615,-0.11488127762761,-0.491539228496177,0.421989494314174,-0.138477645972612,-0.491539228496177,0.421989494314174,-0.86222126075184,-3.9679693524437,1.72418585891099
394,0.455,0.400819754633813,-0.17929632022048,1.67898261177239,0.297226614796838,-0.17929632022048,1.67898261177239,1.6601805114417,-0.863856117337055,6.37463259092633
151,0.128,0.139898357217149,-0.482521061603366,1.44715218616993,0.02539599771764,-0.482521061603366,1.44715218616993,0.0746722955556375,-1.74555420333955,1.87799438851119
154,0.568,-0.0406338505702884,-0.78672482292048,1.4243640934123,-0.152019605258615,-0.78672482292048,1.4243640934123,-0.496525222221185,-3.56621046794147,1.40571515130772
142,0.483,0.196701212848771,-0.41125127240862,1.49212141183101,0.0934285156969078,-0.41125127240862,1.49212141183101,0.271197930321059,-1.5504282835491,2.10374756219802
393,0.992,0.382314794426849,-0.32541986613667,1.99949728282959,0.226224115291138,-0.32541986613667,1.99949728282959,0.576922110112568,-1.03743765431523,2.35261803286544
148,0.833,0.26084773091373,-0.288246307212707,1.50316101964247,0.143683561118824,-0.288246307212707,1.50316101964247,0.400591985312619,-0.898977178292342,1.86148895594246
389,0.3655,0.00372200175212197,-0.511023765165488,0.949204288777511,-0.0632300084940907,-0.511023765165488,0.949204288777511,-0.215265878346677,-2.09689246100051,1.55948368299107
153,0.5755,0.172586903531522,-0.320902817247023,1.15487316395284,0.0893235831596064,-0.320902817247023,1.15487316395284,0.373374287272944,-1.28596259254704,2.30848938138965
152,0.4355,0.508138207695033,-0.168003340180463,2.00831556552531,0.367656376160078,-0.168003340180463,2.00831556552531,1.39068701530728,-0.669048426060963,5.00776056138502
86,0.8485,0.242143923617477,-0.343446229658955,1.35945935117486,0.154403931473422,-0.343446229658955,1.35945935117486,0.701772473275066,-1.63506711198919,4.05735057872487
390,0.1435,0.135971280573766,-0.459698908684019,1.41909698188588,0.0275230786265582,-0.459698908684019,1.41909698188588,0.0815815502027648,-1.52337813349291,1.70178981129137
454,0.024,0.671637280977397,0.111610898611568,2.07349671793771,0.529547670071958,0.111610898611568,2.07349671793771,3.45188446783832,0.574006870993109,9.18293973121526
93,0.6795,0.42049922142975,-0.23024338904823,1.90713940600235,0.278205506101247,-0.23024338904823,1.90713940600235,0.751836342286148,-0.724256962097781,2.43358735673932
40,0.0355,0.831803489670759,0.0805742865122279,2.74415295596832,0.635902989254085,0.0805742865122279,2.74415295596832,2.41596409193159,0.319955166126261,6.62706040567124
450,0.755,0.477591687968977,-0.309716478524815,2.22541753299272,0.322306339159736,-0.309716478524815,2.22541753299272,0.75099133449151,-0.924800929588671,2.51378438344428
91,0.9255,0.224198610594872,-0.281837372058627,1.2179089068695,0.147811363094568,-0.281837372058627,1.2179089068695,0.758365199599844,-1.40601927587384,3.87036490381448
447,0.7915,0.364582115660051,-0.293578943037594,1.7093546470999,0.247698758282345,-0.293578943037594,1.7093546470999,0.895781186169998,-1.14502744711186,3.70065373305211
37,0.0555000000000001,0.0983088256458559,-0.483760133885317,1.20679581239623,0.010153564450095,-0.483760133885317,1.20679581239623,0.01937662766201,-1.96137077390338,1.91367808258038
32,0.496,0.289265893062787,-0.141166253525736,1.17915657006472,0.21050878940201,-0.141166253525736,1.17915657006472,1.47244825435156,-0.720129245039074,5.87198581711746
42,0.6185,0.207077268903044,-0.377210332553653,1.3267636315384,0.119060463425156,-0.377210332553653,1.3267636315384,0.432182054963276,-1.71507286267764,2.71794917375348
89,0.0625,0.0601306910974462,-0.412952484293103,0.84637840116092,0.0088405003719845,-0.412952484293103,0.84637840116092,0.0499283530355455,-2.29620974023482,2.53768746489775
35,0.192,0.037078298897344,-0.465106628250332,1.00817715982134,-0.0349928985705217,-0.465106628250332,1.00817715982134,-0.180719489368725,-2.7907919498564,2.09676766161053
85,0.0235000000000001,0.0842746322231236,-0.395909574064552,1.06692277013802,0.00373136637180782,-0.395909574064552,1.06692277013802,0.0423726812567748,-1.52406535764333,1.72514563105629
34,0.0954999999999999,0.0204515053582009,-0.370367246587585,0.619341173636799,-0.0103658895283735,-0.370367246587585,0.619341173636799,0.0682846693319514,-2.10645165765903,3.00595005781137
81,0.7915,0.477458372826394,-0.304198323214963,2.27592251774323,0.301201977673883,-0.304198323214963,2.27592251774323,0.594078144761813,-0.823326491332117,2.04908122813376
449,0.2715,0.401390570932611,-0.0757553424375288,1.48970050404117,0.293890022603104,-0.0757553424375288,1.48970050404117,1.61585407754763,-0.33997242552393,5.5151932248141
43,0.613,0.414758155107187,-0.210072577160473,1.83402140826606,0.288324967825813,-0.210072577160473,1.83402140826606,0.857117413221582,-0.763610386714149,2.76080588596177
453,0.261,0.632811226553179,-0.110418160018584,2.40911037565051,0.463186744311151,-0.110418160018584,2.40911037565051,1.35925790787269,-0.377842237152725,3.8657282987573
451,0.8655,0.322888360619803,-0.279699028002601,1.56721539260761,0.208870642138156,-0.279699028002601,1.56721539260761,0.711968332675468,-1.0157426715191,2.7109840159264
448,0.8045,0.210310572076252,-0.319470408981636,1.27789396716433,0.12970670353486,-0.319470408981636,1.27789396716433,0.74727903604812,-1.75398508359147,4.53566801118769
452,0.0195,0.656005507274938,0.100346608030361,2.0993726749339,0.517644079034599,0.100346608030361,2.0993726749339,2.9790496459951,0.471498069154824,8.10650415758504
419,0.528,-0.0294977815216458,-0.483234553884551,0.773337975641115,-0.0795737706781618,-0.483234553884551,0.773337975641115,-0.374050696980469,-2.6827797698393,1.7229883017527
283,0.5735,0.167500912858014,-0.320924673000942,1.15384012199113,0.0843314490647403,-0.320924673000942,1.15384012199113,0.36196836797068,-1.23696397853547,2.2781580044816
425,0.97,-0.124994642221023,-0.628483999003185,0.713270567535421,-0.171644350131447,-0.628483999003185,0.713270567535421,-0.68962141677213,-3.02966183537522,1.26600794144556
418,0.61,-0.221464178626732,-0.67611761260464,0.435702884427043,-0.2528873982798,-0.67611761260464,0.435702884427043,-1.15616042929938,-4.42101977820734,0.860956911599309
420,0.868,-0.145529366062491,-0.566442805044007,0.503056924938057,-0.174957968353993,-0.566442805044007,0.503056924938057,-1.04406920690989,-4.92996737933094,1.40266959709687
423,0.029,0.66034264901507,0.0833939076406991,2.18837805891671,0.510363768975573,0.0833939076406991,2.18837805891671,2.57719188947106,0.351366080267383,7.18461300915467
421,0.2145,0.516111065622389,-0.0666306169468459,1.88026788210789,0.392792483222121,-0.0666306169468459,1.88026788210789,1.86611881884036,-0.260343379295737,6.08801272062995
417,0.8725,0.229295696356966,-0.347927987479047,1.29651147950777,0.151274985802402,-0.347927987479047,1.29651147950777,0.735613936660127,-1.97851102824343,4.22746480125261
424,0.0509999999999999,0.0499732713581495,-0.415239861561045,0.938450057189393,-0.0072696550368713,-0.415239861561045,0.938450057189393,-0.0109516230578339,-1.72071704030405,1.87268242224008
422,0.4745,0.459801940892555,-0.21133070538352,1.87453759544805,0.338104774659422,-0.21133070538352,1.87453759544805,1.47372801348222,-1.02543737932356,5.61638607263995
304,0.8305,-0.0874368212480408,-0.469031235604571,0.451780059082674,-0.10876030962859,-0.469031235604571,0.451780059082674,-0.869974689241091,-5.35497006943312,2.56286351461973
303,0.1025,0.579586146702977,-0.00135364216539842,1.95737007680042,0.455844807263289,-0.00135364216539842,1.95737007680042,2.52063012188573,-0.00527614407325994,7.60489542378877
306,0.026,0.124992976104813,-0.639201783619141,1.70939456300516,-0.00693783102079223,-0.639201783619141,1.70939456300516,-0.0312959261763311,-1.62694807187488,1.49191412405787
307,0.8095,-0.131488832245299,-0.486878929975777,0.300063810102659,-0.141883329470598,-0.486878929975777,0.300063810102659,-1.46244193970177,-6.52606802747605,2.27376827065275
305,0.938,0.365817340168971,-0.396612160568668,2.0509503406686,0.229171788351583,-0.396612160568668,2.0509503406686,0.556196603628277,-1.48868888206439,2.39544724156087
97,0.0725,0.0526549426626173,-0.395514482643699,0.908641838244291,-0.0105995504463808,-0.395514482643699,0.908641838244291,-0.0141536896843929,-1.53853335274667,1.72375282343953
408,0.495,-0.236736898480939,-0.660104320559952,0.346659127524711,-0.258668340105448,-0.660104320559952,0.346659127524711,-1.3391467163238,-4.86559522108046,0.78335455476024
284,0.6625,-0.179881741659754,-0.579379232488105,0.554736822094192,-0.216902199793586,-0.579379232488105,0.554736822094192,-1.44551758457676,-5.97578864943855,1.16144814746785
280,0.35,-0.275554448056027,-0.687424203007347,0.212421012586355,-0.287100063703629,-0.687424203007347,0.212421012586355,-1.64849511126814,-5.42091932416016,0.57564572757303
98,0.617,-0.0544992635206902,-0.367167529261148,0.311978538492265,-0.0581110562795232,-0.367167529261148,0.311978538492265,-0.545587003746522,-4.7647365044419,3.88853483288256
407,0.4005,-0.00593648815313166,-0.562395784359649,1.01322194358303,-0.0764447706526951,-0.562395784359649,1.01322194358303,-0.2664152765038,-2.38782535743306,1.6511226038435
100,0.3095,0.0121359137348378,-0.58485461716305,1.08992209981955,-0.0601711807532372,-0.58485461716305,1.08992209981955,-0.247838784489485,-2.45420019167559,1.59226671225891
99,0.4355,0.210940223221417,-0.506905320131263,1.68165202597608,0.0914439425407462,-0.506905320131263,1.68165202597608,0.203342480903488,-1.55117838951569,1.89163309739742
282,0.437,0.591246263875163,-0.227816031676766,2.37227021423276,0.427781673092591,-0.227816031676766,2.37227021423276,1.38897471474018,-0.875499733491879,4.69537147240638
107,0.571,-0.0481729156199269,-0.484132266872288,0.66610438745705,-0.0885297022682847,-0.484132266872288,0.66610438745705,-0.734130835536653,-5.85619884967648,2.60330533503663
435,0.8925,0.210666693068628,-0.264842680590618,1.16251672107824,0.132834110945624,-0.264842680590618,1.16251672107824,0.680684413453463,-1.18181866624564,3.52474574351383
403,0.5815,-0.218317407684417,-0.690903749699742,0.766414034101477,-0.284521056879701,-0.690903749699742,0.766414034101477,-2.043108725594,-7.40931393722099,1.72291999338566
411,0.45,0.219449666890301,-0.49406088003272,1.65554330488598,0.106309238488117,-0.49406088003272,1.65554330488598,0.22525940580472,-1.98441707342138,2.08132661575035
406,0.378,0.0961195060971252,-0.363987217391985,0.866043332616808,0.0554811635323028,-0.363987217391985,0.866043332616808,0.403063485345001,-4.17371711880496,5.35945245770043
402,0.6975,0.423514335411517,-0.222428638877517,1.91197531570293,0.270595250342252,-0.222428638877517,1.91197531570293,0.788220497632523,-0.746511301781652,2.59554200811921
404,0.494,-0.025906211248301,-0.546962038696911,0.88619552020994,-0.0852987408859881,-0.546962038696911,0.88619552020994,-0.451407050608422,-3.62524832976358,1.68124345690347
48,0.539,-0.229983872052849,-0.623034347788317,0.386095450500191,-0.261912969700022,-0.623034347788317,0.386095450500191,-2.16674207812694,-7.91669007318688,1.06607223876421
409,0.554,0.575778913895407,-0.243051149127823,2.55238083635555,0.387056454836112,-0.243051149127823,2.55238083635555,0.851320228296882,-0.699820991386861,2.51662642437745
405,0.252,0.660973335123315,-0.113538806638056,2.38316283873738,0.482110555670932,-0.113538806638056,2.38316283873738,1.66438129162669,-0.423195016977815,5.2443676049555
410,0.4415,0.552051895882808,-0.202381953526964,2.23993545917292,0.394896925239455,-0.202381953526964,2.23993545917292,1.08125466586534,-0.622310306357427,3.17207022497677
50,0.924,-0.105542615696035,-0.525289956890833,0.504724317522923,-0.132493444821941,-0.525289956890833,0.504724317522923,-0.672062935741205,-3.21626054469352,1.5953897362302
49,0.2005,0.124960798648651,-0.40996729188439,1.23993781478966,0.0347337650181166,-0.40996729188439,1.23993781478966,0.114981806372057,-1.34728289247551,1.67386203906703
47,0.9705,-0.124399389084312,-0.584016012755104,0.559331603951505,-0.160650720914563,-0.584016012755104,0.559331603951505,-0.741190091350845,-3.24481161768173,1.2725738163756
276,0.327,-0.000984312957369583,-0.480332715220086,0.766048154844672,-0.0461302163787174,-0.480332715220086,0.766048154844672,-0.151664914803242,-2.10536509707502,1.99433537952393
291,0.619,-0.0494611863453859,-0.565747777099766,0.846171456043916,-0.111660409089325,-0.565747777099766,0.846171456043916,-0.35223524506522,-2.06994732540951,1.25435956241361
286,0.3655,0.123062584073718,-0.413355069265573,1.06790806167404,0.0605492220379587,-0.413355069265573,1.06790806167404,0.311507887270353,-2.9174334083882,3.93390391996053
290,0.425,0.159494269947939,-0.435254474671196,1.3512646085586,0.0763627819481394,-0.435254474671196,1.3512646085586,0.286862003277897,-2.16889800659119,2.8645591732612
289,0.208,0.768458380197811,-0.0830181591633216,2.96388698086628,0.559258524509898,-0.0830181591633216,2.96388698086628,1.27226755638547,-0.227198071982115,3.04794046297161
281,0.1675,0.188645187367204,-0.52059844007998,2.06342688696786,0.036549124638202,-0.52059844007998,2.06342688696786,0.0527797624217642,-2.77688641380358,2.4508410630324
279,0.3305,0.367052592807774,-0.106685756615415,1.41355703883938,0.269058561567863,-0.106685756615415,1.41355703883938,1.87956328884754,-0.551116449970991,6.88333440802568
285,0.758,0.108379923202925,-0.233751940512136,0.689478178018192,0.0738714525824017,-0.233751940512136,0.689478178018192,0.880790141589485,-1.42091929953833,5.50476890250175
274,0.273,0.119918830740981,-0.394024248411645,1.09899874232426,0.0463640086569537,-0.394024248411645,1.09899874232426,0.166617094633857,-1.55873753766205,1.98857474205455
51,0.56,0.487486096537837,-0.239975711830583,2.07758281281961,0.344346896742072,-0.239975711830583,2.07758281281961,1.0271407988382,-0.899631065618286,3.32206241691748
278,0.0634999999999999,0.072876492497738,-0.681953082589159,1.47990450481344,-0.0159692160504567,-0.681953082589159,1.47990450481344,-0.273677526752252,-4.00069337179184,1.82883812883108
287,0.903,0.284145071510901,-0.233921213795795,1.42282396922102,0.18213307709398,-0.233921213795795,1.42282396922102,0.632200322300152,-0.829838407296513,2.38330555228911
288,0.194,0.0315916870256802,-0.24942827761647,0.454417536272583,0.0127783635520198,-0.24942827761647,0.454417536272583,0.284647964849089,-5.12992096397812,6.01209777871264
277,0.9705,-0.112727194884101,-0.546912606190813,0.554178625305576,-0.145247230724859,-0.546912606190813,0.554178625305576,-0.803034705134289,-3.77929210202259,1.47527108174188
59,0.519,0.194528234906904,-0.415884006274176,1.39319907863496,0.0987540919373932,-0.415884006274176,1.39319907863496,0.288070628077156,-1.40556022304619,2.09831987970232
273,0.384,0.169402160295183,-0.447495032341084,1.35454778065307,0.0766507840181178,-0.447495032341084,1.35454778065307,0.156330571307695,-2.19993534761736,2.06689469811716
52,0.2395,-0.366285512767497,-0.789679502205954,0.167086857619112,-0.389449772880868,-0.789679502205954,0.167086857619112,-2.51058534967815,-8.11544980449898,0.412766621238262
53,0.9885,0.204861309377948,-0.266969874943648,1.0896884076883,0.144847627173488,-0.266969874943648,1.0896884076883,1.18704685166207,-1.9257264983563,6.32463453133416
57,0.1815,0.0618844349923606,-0.363004432937163,0.77476978496424,0.0228321417542103,-0.363004432937163,0.77476978496424,0.230860891796684,-2.84304797226143,4.09848521118016
263,0.513,0.194100861602708,-0.416406031563802,1.44800621288015,0.0937404012295942,-0.416406031563802,1.44800621288015,0.306559318320209,-1.46122937373639,2.21906666266416
267,0.9095,0.354204491227283,-0.407520162042763,1.95965412253192,0.216511179964845,-0.407520162042763,1.95965412253192,0.532049373907129,-1.37311720772383,2.39304653143614
266,0.5825,-0.034065651932955,-0.586884074869151,0.971984020576695,-0.108796995779108,-0.586884074869151,0.971984020576695,-0.329720304457356,-2.14418178320676,1.36780263904237
264,0.759,-0.0677509534271799,-0.535260043847817,0.722826004638053,-0.125560978801301,-0.535260043847817,0.722826004638053,-0.567938120239494,-3.25974691545898,1.53911821491181
60,0.7015,0.509864463929207,-0.306382780450755,2.39386629860664,0.341334150158952,-0.306382780450755,2.39386629860664,0.75515041179022,-0.902513529032995,2.43007665605267
270,0.621,0.30897458557557,-0.180029230278224,1.33276124412461,0.223186291495506,-0.180029230278224,1.33276124412461,1.11715860968215,-0.800180879639112,4.42311518771369
261,0.9815,0.313040917461548,-0.336501826432731,1.65080148420568,0.205554968168661,-0.336501826432731,1.65080148420568,0.702766984517886,-1.33617401872902,3.06517678114108
54,0.1475,0.623375721856067,-0.0381927368820871,2.16052353842573,0.474041892687182,-0.0381927368820871,2.16052353842573,2.20093159945687,-0.163431355009645,7.0731635852331
429,0.152,0.0143420473946577,-0.376899247498354,0.620511351356799,-0.0177384180923376,-0.376899247498354,0.620511351356799,-0.0218736773504251,-2.47878868895811,3.14139184050625
268,0.7805,0.342802969550969,-0.251875484690151,1.6445905110401,0.231920980925916,-0.251875484690151,1.6445905110401,0.849360251338864,-0.990839607746226,3.2875822898214
56,0.0645,0.616269077439733,0.0421769779340357,1.9706815991993,0.474043909599042,0.0421769779340357,1.9706815991993,2.99852544831609,0.200734626394462,8.55035152040234
61,0.496,0.161198178723637,-0.347274873250649,1.15420646282447,0.0826346265888452,-0.347274873250649,1.15420646282447,0.316605246794955,-1.31085956273815,2.18751054306923
55,0.12,-0.363208165763225,-0.709310001793715,0.029041784142995,-0.369282879586049,-0.709310001793715,0.029041784142995,-3.05363051216651,-8.77186373537826,0.0916507209499565
437,0.564,-0.0479907479276811,-0.550759069003839,0.806752601994646,-0.100624055209828,-0.550759069003839,0.806752601994646,-0.798123855531556,-6.09616883671564,2.43688469145743
271,0.5735,0.442358045763067,-0.216403706249839,1.88945235803982,0.308849471227498,-0.216403706249839,1.88945235803982,1.10963463470914,-0.841010737240921,3.85463198293886
58,0.476,0.480965325848278,-0.149075540850653,2.00027410450175,0.342089144782717,-0.149075540850653,2.00027410450175,0.893387044984137,-0.487633644893504,2.46481800408775
428,0.544,0.221701882836439,-0.393882784893838,1.50627661950178,0.1042999966622,-0.393882784893838,1.50627661950178,0.268004481343869,-1.16098759829605,1.77656210744916
275,0.393,0.373006573603309,-0.127318202929414,1.42792803243071,0.279797858073848,-0.127318202929414,1.42792803243071,1.59345380952144,-0.554542104000257,5.97772315531774
272,0.007,1.25967124526619,0.241150743946661,3.93012580487769,0.996128785111058,0.241150743946661,3.93012580487769,2.70260641440187,0.742187897074719,6.90935642088284
426,0.9705,-0.1218418092919,-0.519697317473328,0.443122107996478,-0.145245751947854,-0.519697317473328,0.443122107996478,-1.16872969358192,-5.99082377506199,1.81310931859804
269,0.234,-0.382702642946329,-0.809675051525572,0.328723013061392,-0.409827786441183,-0.809675051525572,0.328723013061392,-2.70753287223345,-8.45456064156029,0.622510404195618
262,0.884,-0.149277375093753,-0.615739809530965,0.577404172305602,-0.187588716045938,-0.615739809530965,0.577404172305602,-0.745267043199481,-2.92589001985101,1.07682491361194
265,0.4305,0.404260335292177,-0.142648412422891,1.67131947557347,0.294664720085924,-0.142648412422891,1.67131947557347,1.56384787116497,-0.670391780551095,5.92259238673096
427,0.4525,-0.24152788811008,-0.699347527046572,0.473537995412191,-0.314464898430362,-0.699347527046572,0.473537995412191,-2.1362858401651,-7.83839021314211,1.07693023628572
436,0.3205,0.348591672796227,-0.098105760924452,1.38641727351612,0.252459941265486,-0.098105760924452,1.38641727351612,1.87229393404563,-0.544752787410237,6.75610131630956
470,0.2915,-0.402974227669257,-0.84524949765864,0.25504701342644,-0.434853392078331,-0.84524949765864,0.25504701342644,-2.28249935289395,-7.47346567114644,0.436426300352643
433,0.828,-0.107406208606328,-0.627073728431986,0.737499994169773,-0.158077391567662,-0.627073728431986,0.737499994169773,-0.684089553890578,-3.5682749346514,1.35785286791452
434,0.617,0.299744778073618,-0.183102108136313,1.37262389060513,0.2080294092379,-0.183102108136313,1.37262389060513,1.07707318679804,-0.756343614347678,4.37788745185972
431,0.7165,-0.0606456427987956,-0.537598585364419,0.794844058654076,-0.117106095492687,-0.537598585364419,0.794844058654076,-0.445672803230063,-2.4504691133303,1.33898660910279
455,0.602,0.244815493390462,-0.439206645377713,1.66533969960916,0.126563346321324,-0.439206645377713,1.66533969960916,0.294295575259604,-1.54206844676272,1.96775459563439
430,0.3555,0.0295263702332105,-0.597337383210191,1.33099319822624,-0.0733435006070725,-0.597337383210191,1.33099319822624,-0.350383513468114,-3.28208719665667,1.74874353016685
432,0.501,-0.24692475550202,-0.654845163265683,0.324085959777795,-0.276128949929323,-0.654845163265683,0.324085959777795,-2.34450162723555,-8.18751817125839,1.09848402436159
313,0.3445,0.696407204318329,-0.169574023759059,2.73493093965607,0.500551119481504,-0.169574023759059,2.73493093965607,0.982359991752852,-0.431557295401893,2.48648475793946
471,0.34,0.679541769712708,-0.183526308123979,2.67825873137935,0.49186440219744,-0.183526308123979,2.67825873137935,1.1937845000737,-0.542058753311501,3.20026395757597
315,0.7185,0.190551760130367,-0.164501318948634,0.856846468362084,0.141631339966851,-0.164501318948634,0.856846468362084,1.42108707489214,-1.02859457813185,6.33232857366124
314,0.888,-0.0911416656349087,-0.466411987568611,0.430322156006065,-0.114123470530716,-0.466411987568611,0.430322156006065,-1.00861499822186,-5.70230279715715,2.30594749927377
310,0.6335,-0.0572791483124618,-0.484102220869447,0.594103121154287,-0.0860248054369497,-0.484102220869447,0.594103121154287,-0.642805228385231,-4.74607359548702,2.33247313319232
316,0.345,-0.0114162084529486,-0.588375586330807,0.942484537841596,-0.0634340058253507,-0.588375586330807,0.942484537841596,-0.364829825464933,-3.76707980959618,2.0013726782857
311,0.8365,0.418496567740431,-0.328322097398437,1.95949083763988,0.277792825681634,-0.328322097398437,1.95949083763988,0.682403860214702,-1.11775778657035,2.49850877213555
312,0.5655,-0.234132756990453,-0.682668563074818,0.354129099290578,-0.2578710287554,-0.682668563074818,0.354129099290578,-1.50106854736403,-5.83938116512416,0.966074163437381
465,0.2005,0.519115439848338,-0.0613957772052442,1.87944349732939,0.383976306720536,-0.0613957772052442,1.87944349732939,1.79231309095868,-0.259303644583138,5.8569314095227
443,0.0425,0.0564418617101526,-0.46259360999856,0.978008257689581,-0.00775018214563498,-0.46259360999856,0.978008257689581,-0.0232276569534442,-1.90941991369962,1.91820087993997
460,0.2355,0.0168413493923821,-0.447595308191287,0.790108593906778,-0.0332421375915214,-0.447595308191287,0.790108593906778,-0.162376827861845,-2.53290750665951,2.04414089427143
442,0.677,0.0651898761947286,-0.232681930689661,0.497278365714817,0.0480595331668956,-0.232681930689661,0.497278365714817,0.942626318734274,-1.75673556910262,6.15049750569247
444,0.9395,-0.0985566150548599,-0.441087137525213,0.259434263531992,-0.0978174051068419,-0.441087137525213,0.259434263531992,-1.15652563179241,-6.61663804985207,3.39994959743302
464,0.814,0.278153538003758,-0.390815220630341,1.65735206253363,0.171764706985705,-0.390815220630341,1.65735206253363,0.508490634545335,-1.44917188662907,2.5933834256034
466,0.176,0.505863857818312,-0.0420857374485461,1.79779752363563,0.386439436578935,-0.0420857374485461,1.79779752363563,2.0567857285392,-0.192626090949032,6.67106530130797
440,0.014,0.981509938526435,0.139884255375265,2.99805013937886,0.775899237099442,0.139884255375265,2.99805013937886,2.89511668245423,0.531713816686754,7.91343212372063
461,0.816,0.290402660641172,-0.387265127589337,1.65574354700224,0.180201516856863,-0.387265127589337,1.65574354700224,0.498429036638345,-1.66005282005298,2.48673488556583
467,0.8235,-0.113089130687672,-0.665135081393744,0.852138424434675,-0.180326719503147,-0.665135081393744,0.852138424434675,-1.0648529670705,-6.15039373369817,1.48662931211932
439,0.4315,0.60505450386884,-0.190903547644337,2.49858100827466,0.43360479960663,-0.190903547644337,2.49858100827466,1.01741152561773,-0.633883607561212,2.76945693844452
441,0.52,0.406152296978969,-0.18233398073865,1.67494943488678,0.298378408433855,-0.18233398073865,1.67494943488678,1.08253725705752,-0.694651393941495,3.75637713855712
445,0.9345,0.405497543483051,-0.413818900742611,2.09018613628208,0.267033121691679,-0.413818900742611,2.09018613628208,0.611308278141738,-1.49797380316626,2.54106622367915
446,0.3405,-0.0113167431333677,-0.557085079921331,0.834893625102044,-0.0573940471001076,-0.557085079921331,0.834893625102044,-0.368651456937074,-4.02871170382603,2.30517395316629
463,0.762,0.429231032712505,-0.287879677762646,2.06438431032456,0.286585245856542,-0.287879677762646,2.06438431032456,0.746335835599696,-0.949097141534162,2.56615621240984
462,0.005,1.01940446943457,0.234744188531389,3.14236526303363,0.809107783707812,0.234744188531389,3.14236526303363,3.63172093509951,0.967340007859109,8.97957299077022
